prompt,wc,ssc,vd,sc,sd,ca,lf,ac,tc,ni,mu,cr,ie,ap,cd,it,rq,ps,tr,spr,cer,hs,crr,ec,ei,hu,sl,cdm,inf,dd,nc,ifa,input_tokens,output_tokens,avg_score
Hello how are you doing?,0,0,0,0,0,0,0,0,0,0,0,0,0,0,0,0,0,0,0,0,0,0,0,0,0,0,0,0,0,0,0,0,0,0,1.0
Hello how are you doing?,0,0,0,0,0,0,0,0,0,0,0,0,0,0,0,0,0,0,0,0,0,0,0,0,0,0,0,0,0,0,0,0,0,0,1.0
Hello how are you doing?,0,0,0,0,0,0,0,0,0,0,0,0,0,0,0,0,0,0,0,0,0,0,0,0,0,0,0,0,0,0,0,0,0,0,1.0
Hello how are you doing?,0,0,0,0,0,0,0,0,0,0,0,0,0,0,0,0,0,0,0,0,0,0,0,0,0,0,0,0,0,0,0,0,0,0,1.0
Hello how are you doing?,0,0,0,0,0,0,0,0,0,0,0,0,0,0,0,0,0,0,0,0,0,0,0,0,0,0,0,0,0,0,0,0,0,0,1.0
Hello how are you doing?,1.0,1.0,1.0,1.0,1.0,1.0,1.0,1.0,1.0,1.0,1.0,1.0,1.0,1.0,1.0,1.0,1.0,1.0,1.0,1.0,1.0,1.0,1.0,1.0,1.0,1.0,1.0,1.0,1.0,1.0,1.0,1.0,474,132,1.0
Hello how are you doing?,4.0,1.0,1.0,1.0,1.0,1.0,1.0,1.0,1.0,1.0,1.0,1.0,1.0,1.0,1.0,1.0,1.0,1.0,1.0,1.0,1.0,1.0,1.0,1.0,1.0,1.0,1.0,1.0,1.0,1.0,1.0,1.0,546,151,1.09375
Hello how are you doing?,4.0,1.0,1.0,1.0,1.0,1.0,1.0,1.0,1.0,1.0,1.0,1.0,1.0,1.0,1.0,1.0,1.0,1.0,1.0,1.0,1.0,1.0,1.0,1.0,1.0,1.0,1.0,1.0,1.0,1.0,1.0,1.0,546,151,1.09375
Hello how are you doing?,4.0,1.0,1.0,1.0,1.0,1.0,1.0,1.0,1.0,0.0,0.0,0.0,0.0,0.0,0.0,0.0,0.0,0.0,0.0,0.0,0.0,0.0,0.0,0.0,1.0,0.0,0.0,0.0,0.0,0.0,0.0,0.0,546,151,0.40625
"Examine the interplay between technological advancements and ethical paradigms in the age of artificial intelligence. In your analysis, discuss how rapid digital transformation challenges established socio-economic structures and cultural narratives, drawing parallels to historical shifts such as those experienced during the Industrial Revolution. Consider how emergent cognitive computing systems are redefining artistic expression, scientific inquiry, and the very essence of human creativity. Incorporate a discussion of complex syntactic structures, nuanced vocabulary, and abstract conceptual frameworks by addressing the following:

- What are the potential implications of mass automation on traditional labor markets, and how might this reshape power dynamics in a globalized economy?
- In what ways could the pursuit of efficiency in AI-driven processes inadvertently undermine intrinsic humanistic values and ethical considerations?
- How do counterfactual scenarios and hypothetical situations—such as the possibility of AI surpassing human cognitive capabilities—impact our understanding of agency and responsibility?
- Reflect on the role of ambiguous metaphors, intertextual references, and rhetorical questions in shaping public perceptions of technological progress.

Provide evidence-based arguments, supported by numerical data and interdisciplinary research, and consider the paradoxes inherent in seeking to balance scientific innovation with cultural continuity. Answer in maximum 15 sentences",0,0,0,0,0,0,0,0,0,0,0,0,0,0,0,0,0,0,0,0,0,0,0,0,0,0,0,0,0,0,0,0,0,0,1.0
"Examine the interplay between technological advancements and ethical paradigms in the age of artificial intelligence. In your analysis, discuss how rapid digital transformation challenges established socio-economic structures and cultural narratives, drawing parallels to historical shifts such as those experienced during the Industrial Revolution. Consider how emergent cognitive computing systems are redefining artistic expression, scientific inquiry, and the very essence of human creativity. Incorporate a discussion of complex syntactic structures, nuanced vocabulary, and abstract conceptual frameworks by addressing the following:

- What are the potential implications of mass automation on traditional labor markets, and how might this reshape power dynamics in a globalized economy?
- In what ways could the pursuit of efficiency in AI-driven processes inadvertently undermine intrinsic humanistic values and ethical considerations?
- How do counterfactual scenarios and hypothetical situations—such as the possibility of AI surpassing human cognitive capabilities—impact our understanding of agency and responsibility?
- Reflect on the role of ambiguous metaphors, intertextual references, and rhetorical questions in shaping public perceptions of technological progress.

Provide evidence-based arguments, supported by numerical data and interdisciplinary research, and consider the paradoxes inherent in seeking to balance scientific innovation with cultural continuity. Answer in maximum 15 sentences",0,0,0,0,0,0,0,0,0,0,0,0,0,0,0,0,0,0,0,0,0,0,0,0,0,0,0,0,0,0,0,0,0,0,1.0
"Examine the interplay between technological advancements and ethical paradigms in the age of artificial intelligence. In your analysis, discuss how rapid digital transformation challenges established socio-economic structures and cultural narratives, drawing parallels to historical shifts such as those experienced during the Industrial Revolution. Consider how emergent cognitive computing systems are redefining artistic expression, scientific inquiry, and the very essence of human creativity. Incorporate a discussion of complex syntactic structures, nuanced vocabulary, and abstract conceptual frameworks by addressing the following:

- What are the potential implications of mass automation on traditional labor markets, and how might this reshape power dynamics in a globalized economy?
- In what ways could the pursuit of efficiency in AI-driven processes inadvertently undermine intrinsic humanistic values and ethical considerations?
- How do counterfactual scenarios and hypothetical situations—such as the possibility of AI surpassing human cognitive capabilities—impact our understanding of agency and responsibility?
- Reflect on the role of ambiguous metaphors, intertextual references, and rhetorical questions in shaping public perceptions of technological progress.

Provide evidence-based arguments, supported by numerical data and interdisciplinary research, and consider the paradoxes inherent in seeking to balance scientific innovation with cultural continuity. Answer in maximum 15 sentences",9.0,8.0,8.0,8.0,9.0,9.0,8.0,9.0,8.0,7.0,8.0,7.0,7.0,8.0,9.0,8.0,7.0,6.0,6.0,5.0,8.0,8.0,8.0,8.0,7.0,5.0,4.0,9.0,8.0,8.0,8.0,8.0,790,139,7.59375
Hello how are you doing?,1.0,1.0,1.0,1.0,1.0,1.0,1.0,1.0,1.0,1.0,1.0,1.0,1.0,1.0,1.0,1.0,1.0,1.0,1.0,1.0,1.0,1.0,1.0,1.0,1.0,1.0,1.0,1.0,1.0,1.0,1.0,1.0,558,151,1.0
"Examine the interplay between technological advancements and ethical paradigms in the age of artificial intelligence. In your analysis, discuss how rapid digital transformation challenges established socio-economic structures and cultural narratives, drawing parallels to historical shifts such as those experienced during the Industrial Revolution. Consider how emergent cognitive computing systems are redefining artistic expression, scientific inquiry, and the very essence of human creativity. Incorporate a discussion of complex syntactic structures, nuanced vocabulary, and abstract conceptual frameworks by addressing the following:

- What are the potential implications of mass automation on traditional labor markets, and how might this reshape power dynamics in a globalized economy?
- In what ways could the pursuit of efficiency in AI-driven processes inadvertently undermine intrinsic humanistic values and ethical considerations?
- How do counterfactual scenarios and hypothetical situations—such as the possibility of AI surpassing human cognitive capabilities—impact our understanding of agency and responsibility?
- Reflect on the role of ambiguous metaphors, intertextual references, and rhetorical questions in shaping public perceptions of technological progress.

Provide evidence-based arguments, supported by numerical data and interdisciplinary research, and consider the paradoxes inherent in seeking to balance scientific innovation with cultural continuity.In 15 sentences.",9.0,8.0,8.0,8.0,9.0,9.0,8.0,9.0,8.0,8.0,7.0,7.0,6.0,7.0,8.0,7.0,6.0,7.0,6.0,5.0,8.0,8.0,8.0,8.0,7.0,5.0,5.0,9.0,8.0,8.0,8.0,8.0,788,139,7.5
